Graph,Algorithm,Max threads,median,std
"('Erdos-Renyi random p=0.002000', 50000)",Filter Kruskal,1,1.0,0.19646689583534147
"('Erdos-Renyi random p=0.002000', 50000)",Filter Kruskal,2,1.3290158661477216,0.1643220153710465
"('Erdos-Renyi random p=0.002000', 50000)",Filter Kruskal,4,2.1007057057137852,0.25991049156109763
"('Erdos-Renyi random p=0.002000', 50000)",Filter Kruskal,6,2.6436571165208904,0.339266682286858
"('Erdos-Renyi random p=0.002000', 50000)",Filter Kruskal,8,2.847364004702466,0.34509856356047464
"('Erdos-Renyi random p=0.002000', 50000)",Filter Kruskal,10,3.3322686418127927,0.42021664676906045
"('Erdos-Renyi random p=0.002000', 50000)",Filter Kruskal,12,3.3818179651970546,0.4354735333805472
"('Erdos-Renyi random p=0.002000', 50000)",Filter Kruskal,14,3.3125676707994463,0.6039939669010076
"('Erdos-Renyi random p=0.002000', 50000)",Filter Kruskal,16,3.1081582034704778,0.3986304461497087
"('Erdos-Renyi random p=0.002000', 50000)",Filter Kruskal,18,3.077456199357184,0.5040282906224972
"('Erdos-Renyi random p=0.002000', 50000)",Filter Kruskal,20,3.1865138309998104,0.46654966580379836
"('Erdos-Renyi random p=0.002000', 50000)",Filter Kruskal,22,3.0979997441036153,0.5031502476244899
"('Erdos-Renyi random p=0.002000', 50000)",Filter Kruskal,24,2.942836615135155,0.47867365870311035
"('Erdos-Renyi random p=0.002000', 50000)",Filter Kruskal,26,2.8763882733630446,0.32337570211046657
"('Erdos-Renyi random p=0.002000', 50000)",Filter Kruskal,28,2.7591441169707496,0.24771396743211788
"('Erdos-Renyi random p=0.002000', 50000)",Filter Kruskal,30,2.5951644717578928,0.24730026323209603
"('Erdos-Renyi random p=0.002000', 50000)",Filter Kruskal,32,2.2271419174045075,0.18662590302220924
"('Erdos-Renyi random p=0.002000', 50000)",Filter Sollin,1,1.00000745881887,0.20303626702737784
"('Erdos-Renyi random p=0.002000', 50000)",Filter Sollin,2,0.808163489094664,0.12022604657799967
"('Erdos-Renyi random p=0.002000', 50000)",Filter Sollin,4,0.8745389596565567,0.18477178302617436
"('Erdos-Renyi random p=0.002000', 50000)",Filter Sollin,6,1.080423136122739,0.1569503961779077
"('Erdos-Renyi random p=0.002000', 50000)",Filter Sollin,8,1.2659087995354943,0.14514270527989157
"('Erdos-Renyi random p=0.002000', 50000)",Filter Sollin,10,1.4856925149488904,0.20442123723129915
"('Erdos-Renyi random p=0.002000', 50000)",Filter Sollin,12,1.3596982173145762,0.19760394719322374
"('Erdos-Renyi random p=0.002000', 50000)",Filter Sollin,14,1.529429694464823,0.3103640597300269
"('Erdos-Renyi random p=0.002000', 50000)",Filter Sollin,16,1.6570835874726697,0.2671645345076458
"('Erdos-Renyi random p=0.002000', 50000)",Filter Sollin,18,1.490515269584221,0.2921948520379522
"('Erdos-Renyi random p=0.002000', 50000)",Filter Sollin,20,1.559670584179188,0.3127805416403742
"('Erdos-Renyi random p=0.002000', 50000)",Filter Sollin,22,1.5272956399369755,0.36912150262567356
"('Erdos-Renyi random p=0.002000', 50000)",Filter Sollin,24,1.5426684928035854,0.353461935670411
"('Erdos-Renyi random p=0.002000', 50000)",Filter Sollin,26,1.5253016492277327,0.2810268509895269
"('Erdos-Renyi random p=0.002000', 50000)",Filter Sollin,28,1.4368541885553026,0.29207961251172126
"('Erdos-Renyi random p=0.002000', 50000)",Filter Sollin,30,1.3532044686691933,0.30583112731536816
"('Erdos-Renyi random p=0.002000', 50000)",Filter Sollin,32,1.317020493574635,0.3212305210926125
"('Erdos-Renyi random p=0.002000', 50000)",Kruskal,1,1.0,0.09930565782106138
"('Erdos-Renyi random p=0.002000', 50000)",Kruskal,2,1.086664463895422,0.053119691052883736
"('Erdos-Renyi random p=0.002000', 50000)",Kruskal,4,1.1813746476838796,0.04822940128705257
"('Erdos-Renyi random p=0.002000', 50000)",Kruskal,6,1.1991469751476609,0.05109303852523976
"('Erdos-Renyi random p=0.002000', 50000)",Kruskal,8,1.233470504239891,0.07053520349552424
"('Erdos-Renyi random p=0.002000', 50000)",Kruskal,10,1.220812473292676,0.06296399950117942
"('Erdos-Renyi random p=0.002000', 50000)",Kruskal,12,1.2651769685162106,0.07462606577845644
"('Erdos-Renyi random p=0.002000', 50000)",Kruskal,14,1.2277396529344766,0.11631770945612963
"('Erdos-Renyi random p=0.002000', 50000)",Kruskal,16,1.2466153400391993,0.0860085323698386
"('Erdos-Renyi random p=0.002000', 50000)",Kruskal,18,1.2388749986194367,0.10142833062927215
"('Erdos-Renyi random p=0.002000', 50000)",Kruskal,20,1.2701843735731941,0.07865609528737444
"('Erdos-Renyi random p=0.002000', 50000)",Kruskal,22,1.2707560254428163,0.07265253929606962
"('Erdos-Renyi random p=0.002000', 50000)",Kruskal,24,1.257092837654739,0.0875287492553475
"('Erdos-Renyi random p=0.002000', 50000)",Kruskal,26,1.2834898399141643,0.06267881610219267
"('Erdos-Renyi random p=0.002000', 50000)",Kruskal,28,1.2624890093570615,0.09838388902328826
"('Erdos-Renyi random p=0.002000', 50000)",Kruskal,30,1.2742207218855215,0.055223999396943294
"('Erdos-Renyi random p=0.002000', 50000)",Kruskal,32,1.2627063018920275,0.05711717670632148
"('Erdos-Renyi random p=0.002000', 50000)",Sollin AL,1,1.0,0.04420686960801421
"('Erdos-Renyi random p=0.002000', 50000)",Sollin AL,2,0.988528828593289,0.05299009346163696
"('Erdos-Renyi random p=0.002000', 50000)",Sollin AL,4,1.6575232471458776,0.13045126554261274
"('Erdos-Renyi random p=0.002000', 50000)",Sollin AL,6,2.054504148206316,0.10334473289093915
"('Erdos-Renyi random p=0.002000', 50000)",Sollin AL,8,2.3662400867137885,0.16360816380228085
"('Erdos-Renyi random p=0.002000', 50000)",Sollin AL,10,2.7687635927529866,0.18825340514823444
"('Erdos-Renyi random p=0.002000', 50000)",Sollin AL,12,3.0813198654120075,0.22124421704761862
"('Erdos-Renyi random p=0.002000', 50000)",Sollin AL,14,3.267833287070356,0.2652710087317476
"('Erdos-Renyi random p=0.002000', 50000)",Sollin AL,16,3.4487060266610117,0.25339609325394113
"('Erdos-Renyi random p=0.002000', 50000)",Sollin AL,18,3.757672529713274,0.32042114856187204
"('Erdos-Renyi random p=0.002000', 50000)",Sollin AL,20,3.874665072027613,0.3800141220252931
"('Erdos-Renyi random p=0.002000', 50000)",Sollin AL,22,4.23572939231145,0.4944950682907805
"('Erdos-Renyi random p=0.002000', 50000)",Sollin AL,24,4.028310913747951,0.6130526143863214
"('Erdos-Renyi random p=0.002000', 50000)",Sollin AL,26,4.4633598535168275,0.7655060162597754
"('Erdos-Renyi random p=0.002000', 50000)",Sollin AL,28,4.598320229293054,0.8643862791453188
"('Erdos-Renyi random p=0.002000', 50000)",Sollin AL,30,4.851169490025575,0.7784421998144044
"('Erdos-Renyi random p=0.002000', 50000)",Sollin AL,32,4.704557828308807,1.07618281997232
"('Erdos-Renyi random p=0.002000', 50000)",Sollin FAL,1,1.0,0.1415341192558502
"('Erdos-Renyi random p=0.002000', 50000)",Sollin FAL,2,0.8371899135363114,0.07590602333395352
"('Erdos-Renyi random p=0.002000', 50000)",Sollin FAL,4,1.1384455418391375,0.16497849258168215
"('Erdos-Renyi random p=0.002000', 50000)",Sollin FAL,6,1.40375514481601,0.14952607226887346
"('Erdos-Renyi random p=0.002000', 50000)",Sollin FAL,8,1.6913068976488903,0.20772377242168552
"('Erdos-Renyi random p=0.002000', 50000)",Sollin FAL,10,2.112418434543322,0.13885166280434563
"('Erdos-Renyi random p=0.002000', 50000)",Sollin FAL,12,2.252567508769332,0.22808508138166572
"('Erdos-Renyi random p=0.002000', 50000)",Sollin FAL,14,2.426024248679056,0.3959908448682857
"('Erdos-Renyi random p=0.002000', 50000)",Sollin FAL,16,2.493058397868274,0.2979010384887087
"('Erdos-Renyi random p=0.002000', 50000)",Sollin FAL,18,2.526044278085671,0.2938734425705775
"('Erdos-Renyi random p=0.002000', 50000)",Sollin FAL,20,2.5372992867064825,0.4937700193732326
"('Erdos-Renyi random p=0.002000', 50000)",Sollin FAL,22,2.5986118674849923,0.3461534700520612
"('Erdos-Renyi random p=0.002000', 50000)",Sollin FAL,24,2.3083911711707934,0.43441521742632794
"('Erdos-Renyi random p=0.002000', 50000)",Sollin FAL,26,2.569384175109647,0.5033464618440395
"('Erdos-Renyi random p=0.002000', 50000)",Sollin FAL,28,2.4461220175440426,0.43565405628268705
"('Erdos-Renyi random p=0.002000', 50000)",Sollin FAL,30,2.6407997474042872,0.4700569635866159
"('Erdos-Renyi random p=0.002000', 50000)",Sollin FAL,32,2.58798159833763,0.5154551976949391
"('Erdos-Renyi random p=0.200000', 10000)",Filter Kruskal,1,1.0000002520380225,0.49206041927196814
"('Erdos-Renyi random p=0.200000', 10000)",Filter Kruskal,2,1.9304819867590903,0.6369429553362044
"('Erdos-Renyi random p=0.200000', 10000)",Filter Kruskal,4,3.284523629632104,1.2063689126345873
"('Erdos-Renyi random p=0.200000', 10000)",Filter Kruskal,6,4.179109627551172,1.4610513236883962
"('Erdos-Renyi random p=0.200000', 10000)",Filter Kruskal,8,5.125454515091578,1.7984496390277978
"('Erdos-Renyi random p=0.200000', 10000)",Filter Kruskal,10,6.121387171271286,1.8408117475301482
"('Erdos-Renyi random p=0.200000', 10000)",Filter Kruskal,12,5.968342601770181,2.1182432211913533
"('Erdos-Renyi random p=0.200000', 10000)",Filter Kruskal,14,6.494292849799301,2.422950677057112
"('Erdos-Renyi random p=0.200000', 10000)",Filter Kruskal,16,5.832084433783608,2.4179358326351785
"('Erdos-Renyi random p=0.200000', 10000)",Filter Kruskal,18,6.2460296926435515,2.091467423378605
"('Erdos-Renyi random p=0.200000', 10000)",Filter Kruskal,20,6.200243931448944,2.6404351341878667
"('Erdos-Renyi random p=0.200000', 10000)",Filter Kruskal,22,5.989382826720559,2.3625479460383776
"('Erdos-Renyi random p=0.200000', 10000)",Filter Kruskal,24,6.015857437462694,2.786609787503309
"('Erdos-Renyi random p=0.200000', 10000)",Filter Kruskal,26,5.419098993466688,2.335426550636772
"('Erdos-Renyi random p=0.200000', 10000)",Filter Kruskal,28,5.5173020595313105,2.4431271113331623
"('Erdos-Renyi random p=0.200000', 10000)",Filter Kruskal,30,5.487395239991885,2.241460788183891
"('Erdos-Renyi random p=0.200000', 10000)",Filter Kruskal,32,5.7058546180079315,2.041375510955541
"('Erdos-Renyi random p=0.200000', 10000)",Filter Sollin,1,1.0,0.0940302331860739
"('Erdos-Renyi random p=0.200000', 10000)",Filter Sollin,2,0.992684594433006,0.19072834594394822
"('Erdos-Renyi random p=0.200000', 10000)",Filter Sollin,4,1.1711940228511235,0.37849314984245047
"('Erdos-Renyi random p=0.200000', 10000)",Filter Sollin,6,1.375261838818331,0.3805391142650415
"('Erdos-Renyi random p=0.200000', 10000)",Filter Sollin,8,1.8438846649965812,1.0459694953167213
"('Erdos-Renyi random p=0.200000', 10000)",Filter Sollin,10,1.9719083671358413,0.4571341323738867
"('Erdos-Renyi random p=0.200000', 10000)",Filter Sollin,12,2.671841864387891,0.8263810682796944
"('Erdos-Renyi random p=0.200000', 10000)",Filter Sollin,14,2.949851433713546,1.0921532208676916
"('Erdos-Renyi random p=0.200000', 10000)",Filter Sollin,16,3.2681815710359965,1.0152079309612205
"('Erdos-Renyi random p=0.200000', 10000)",Filter Sollin,18,3.349182388813586,0.5055119591046052
"('Erdos-Renyi random p=0.200000', 10000)",Filter Sollin,20,3.4374547694766315,1.121045964859492
"('Erdos-Renyi random p=0.200000', 10000)",Filter Sollin,22,3.592879187904739,0.8866154142098525
"('Erdos-Renyi random p=0.200000', 10000)",Filter Sollin,24,3.5947078698466393,0.977803484523605
"('Erdos-Renyi random p=0.200000', 10000)",Filter Sollin,26,3.612398936558561,0.8217042917392299
"('Erdos-Renyi random p=0.200000', 10000)",Filter Sollin,28,4.116428194941566,1.1159135149771846
"('Erdos-Renyi random p=0.200000', 10000)",Filter Sollin,30,3.3623154684506686,1.2113189390340156
"('Erdos-Renyi random p=0.200000', 10000)",Filter Sollin,32,3.8788758683798648,1.1796155679603353
"('Erdos-Renyi random p=0.200000', 10000)",Kruskal,1,1.0,0.15829619784093654
"('Erdos-Renyi random p=0.200000', 10000)",Kruskal,2,1.1786493838583767,0.13441051353205755
"('Erdos-Renyi random p=0.200000', 10000)",Kruskal,4,1.2213510460827939,0.24444631414168969
"('Erdos-Renyi random p=0.200000', 10000)",Kruskal,6,1.2399552398225075,0.22137068884283329
"('Erdos-Renyi random p=0.200000', 10000)",Kruskal,8,1.3271467797601213,0.24135315618848938
"('Erdos-Renyi random p=0.200000', 10000)",Kruskal,10,1.31270043828666,0.25576566576434223
"('Erdos-Renyi random p=0.200000', 10000)",Kruskal,12,1.4187890221356685,0.24713991573820063
"('Erdos-Renyi random p=0.200000', 10000)",Kruskal,14,1.3542223152521482,0.2766266693804123
"('Erdos-Renyi random p=0.200000', 10000)",Kruskal,16,1.3857076939348856,0.2905352294313452
"('Erdos-Renyi random p=0.200000', 10000)",Kruskal,18,1.4561022819912317,0.32327297476729766
"('Erdos-Renyi random p=0.200000', 10000)",Kruskal,20,1.4200729319875616,0.2557215444069153
"('Erdos-Renyi random p=0.200000', 10000)",Kruskal,22,1.3209988558760366,0.2510167036475311
"('Erdos-Renyi random p=0.200000', 10000)",Kruskal,24,1.3923158212453925,0.26111174592415265
"('Erdos-Renyi random p=0.200000', 10000)",Kruskal,26,1.4151306206932772,0.22663716151871655
"('Erdos-Renyi random p=0.200000', 10000)",Kruskal,28,1.4318329747005034,0.24666667201860837
"('Erdos-Renyi random p=0.200000', 10000)",Kruskal,30,1.3923394638397868,0.3079727783286316
"('Erdos-Renyi random p=0.200000', 10000)",Kruskal,32,1.3168746593386433,0.2409302469560183
"('Erdos-Renyi random p=0.200000', 10000)",Sollin AL,1,1.0000097846057636,0.03946823737688472
"('Erdos-Renyi random p=0.200000', 10000)",Sollin AL,2,1.0066469531591142,0.06452429292113274
"('Erdos-Renyi random p=0.200000', 10000)",Sollin AL,4,1.5251961067669533,0.1297189210106177
"('Erdos-Renyi random p=0.200000', 10000)",Sollin AL,6,2.2404409929138476,0.15681308976060226
"('Erdos-Renyi random p=0.200000', 10000)",Sollin AL,8,2.39634298335047,0.12342730805429948
"('Erdos-Renyi random p=0.200000', 10000)",Sollin AL,10,2.6992265909749187,0.37994714195100915
"('Erdos-Renyi random p=0.200000', 10000)",Sollin AL,12,2.7687261392032445,0.17369147116019487
"('Erdos-Renyi random p=0.200000', 10000)",Sollin AL,14,2.8521756463171295,0.27438413132563944
"('Erdos-Renyi random p=0.200000', 10000)",Sollin AL,16,3.129209678623588,0.3636419801440025
"('Erdos-Renyi random p=0.200000', 10000)",Sollin AL,18,2.856418694638576,0.42074581941108075
"('Erdos-Renyi random p=0.200000', 10000)",Sollin AL,20,2.9089056437362504,0.24712516444711516
"('Erdos-Renyi random p=0.200000', 10000)",Sollin AL,22,2.7781370643808825,0.328677180922513
"('Erdos-Renyi random p=0.200000', 10000)",Sollin AL,24,2.640451914756359,0.3230256007870072
"('Erdos-Renyi random p=0.200000', 10000)",Sollin AL,26,2.450882295722824,0.1651165989216685
"('Erdos-Renyi random p=0.200000', 10000)",Sollin AL,28,2.1542460534529564,0.2514014963481951
"('Erdos-Renyi random p=0.200000', 10000)",Sollin AL,30,1.906478597552285,0.31954162918751705
"('Erdos-Renyi random p=0.200000', 10000)",Sollin AL,32,2.172565144210332,1.0471917622553668
"('Erdos-Renyi random p=0.200000', 10000)",Sollin FAL,1,1.0,0.10852196790611808
"('Erdos-Renyi random p=0.200000', 10000)",Sollin FAL,2,0.9580258502228614,0.15844304395655967
"('Erdos-Renyi random p=0.200000', 10000)",Sollin FAL,4,1.457949214760172,0.36801432785370886
"('Erdos-Renyi random p=0.200000', 10000)",Sollin FAL,6,2.0086698666823253,0.5580152473748634
"('Erdos-Renyi random p=0.200000', 10000)",Sollin FAL,8,2.0750584418286047,0.621042559321908
"('Erdos-Renyi random p=0.200000', 10000)",Sollin FAL,10,3.1592229541204073,1.0346914296337903
"('Erdos-Renyi random p=0.200000', 10000)",Sollin FAL,12,2.9657843696274173,0.6529108629067626
"('Erdos-Renyi random p=0.200000', 10000)",Sollin FAL,14,3.7392904129194897,0.903404679056608
"('Erdos-Renyi random p=0.200000', 10000)",Sollin FAL,16,4.544370065497008,1.2684168667197486
"('Erdos-Renyi random p=0.200000', 10000)",Sollin FAL,18,5.144584677700326,0.8648445883854663
"('Erdos-Renyi random p=0.200000', 10000)",Sollin FAL,20,5.450283896474053,0.9582959836705226
"('Erdos-Renyi random p=0.200000', 10000)",Sollin FAL,22,5.670721859130747,1.1936994088492208
"('Erdos-Renyi random p=0.200000', 10000)",Sollin FAL,24,5.9791802128404425,1.6123885155599544
"('Erdos-Renyi random p=0.200000', 10000)",Sollin FAL,26,5.998860794350814,1.5227338143470157
"('Erdos-Renyi random p=0.200000', 10000)",Sollin FAL,28,6.390799798746861,2.4710946432084824
"('Erdos-Renyi random p=0.200000', 10000)",Sollin FAL,30,5.869316913060438,1.8360502531550262
"('Erdos-Renyi random p=0.200000', 10000)",Sollin FAL,32,6.702498009783499,2.3377904870329487
"('Preferential attachment 100 edges per vertice', 1000)",BGL: Boruvka mixed merge,1,1.0000000205607338,0.007480920953501626
"('Preferential attachment 100 edges per vertice', 1000)",BGL: Boruvka mixed merge,2,0.21535928400868143,0.00457507017171789
"('Preferential attachment 100 edges per vertice', 1000)",BGL: Boruvka mixed merge,4,0.11746293379780982,0.0008054167341553348
"('Preferential attachment 100 edges per vertice', 1000)",BGL: Boruvka mixed merge,6,0.118798466164837,0.0009664544297325171
"('Preferential attachment 100 edges per vertice', 1000)",BGL: Boruvka mixed merge,8,0.11747587476711568,0.00046263513991676213
"('Preferential attachment 100 edges per vertice', 1000)",BGL: Boruvka mixed merge,10,0.07836600935775544,0.0010442963924269287
"('Preferential attachment 100 edges per vertice', 1000)",BGL: Boruvka mixed merge,12,0.07825732568074537,0.0013389462650416797
"('Preferential attachment 100 edges per vertice', 1000)",BGL: Boruvka mixed merge,14,0.07556442625601006,0.0018818389268507104
"('Preferential attachment 100 edges per vertice', 1000)",BGL: Boruvka mixed merge,16,0.07030089640354142,0.0013292360622997406
"('Preferential attachment 100 edges per vertice', 1000)",BGL: Boruvka mixed merge,18,0.06804342816138172,0.0017881218621501863
"('Preferential attachment 100 edges per vertice', 1000)",BGL: Boruvka then merge,1,1.0000000002996157,0.008478147015368077
"('Preferential attachment 100 edges per vertice', 1000)",BGL: Boruvka then merge,2,0.21773011431892433,0.003842702746916744
"('Preferential attachment 100 edges per vertice', 1000)",BGL: Boruvka then merge,4,0.11814449397604362,0.001959912031593847
"('Preferential attachment 100 edges per vertice', 1000)",BGL: Boruvka then merge,6,0.11955146272890677,0.0008839098298249894
"('Preferential attachment 100 edges per vertice', 1000)",BGL: Boruvka then merge,8,0.11834273704245885,0.0009458864166021727
"('Preferential attachment 100 edges per vertice', 1000)",BGL: Boruvka then merge,10,0.07902061229079277,0.0013842682592184147
"('Preferential attachment 100 edges per vertice', 1000)",BGL: Boruvka then merge,12,0.07910321439411772,0.0010184899043716301
"('Preferential attachment 100 edges per vertice', 1000)",BGL: Boruvka then merge,14,0.07673537962104154,0.0018462805063794237
"('Preferential attachment 100 edges per vertice', 1000)",BGL: Boruvka then merge,16,0.07067979609016208,0.0013633140608842653
"('Preferential attachment 100 edges per vertice', 1000)",BGL: Boruvka then merge,18,0.06855374986943791,0.0016746407398346027
"('Preferential attachment 100 edges per vertice', 1000)",BGL: Dense Boruvka,1,1.0000000533771933,0.006912534078358244
"('Preferential attachment 100 edges per vertice', 1000)",BGL: Dense Boruvka,2,1.0173276873149841,0.01734188949055211
"('Preferential attachment 100 edges per vertice', 1000)",BGL: Dense Boruvka,4,1.213636000873402,0.02006784259349083
"('Preferential attachment 100 edges per vertice', 1000)",BGL: Dense Boruvka,6,1.4473457353217807,0.02053038959074744
"('Preferential attachment 100 edges per vertice', 1000)",BGL: Dense Boruvka,8,1.6097756981195745,0.02456163502510149
"('Preferential attachment 100 edges per vertice', 1000)",BGL: Dense Boruvka,10,1.775543014852159,0.06168234399489673
"('Preferential attachment 100 edges per vertice', 1000)",BGL: Dense Boruvka,12,1.89252333004268,0.027004959903327255
"('Preferential attachment 100 edges per vertice', 1000)",BGL: Dense Boruvka,14,1.9972156591906576,0.0361465663250965
"('Preferential attachment 100 edges per vertice', 1000)",BGL: Dense Boruvka,16,1.9826220781175679,0.04305383599326258
"('Preferential attachment 100 edges per vertice', 1000)",BGL: Dense Boruvka,18,2.016504990164738,0.03436302030692408
"('Preferential attachment 100 edges per vertice', 1000)",BGL: Local merge,1,1.0000000249202414,0.009993437219512735
"('Preferential attachment 100 edges per vertice', 1000)",BGL: Local merge,2,0.21687572826352258,0.0032247805521860196
"('Preferential attachment 100 edges per vertice', 1000)",BGL: Local merge,4,0.11776793845692415,0.001155578763164897
"('Preferential attachment 100 edges per vertice', 1000)",BGL: Local merge,6,0.11883479290600424,0.0014398685103864425
"('Preferential attachment 100 edges per vertice', 1000)",BGL: Local merge,8,0.11749708716431753,0.001715992759558623
"('Preferential attachment 100 edges per vertice', 1000)",BGL: Local merge,10,0.07849084999752777,0.0006624199097805347
"('Preferential attachment 100 edges per vertice', 1000)",BGL: Local merge,12,0.07838650387237088,0.0011897200732478002
"('Preferential attachment 100 edges per vertice', 1000)",BGL: Local merge,14,0.07570355309055872,0.001883251716289165
"('Preferential attachment 100 edges per vertice', 1000)",BGL: Local merge,16,0.07003948880845083,0.0013301219087947377
"('Preferential attachment 100 edges per vertice', 1000)",BGL: Local merge,18,0.06869952745149273,0.0017652957306761555
"('Preferential attachment 100 edges per vertice', 1000)",Filter Kruskal,1,1.0000818799859224,0.2846379639853092
"('Preferential attachment 100 edges per vertice', 1000)",Filter Kruskal,2,1.0866859710278178,0.08300115842315603
"('Preferential attachment 100 edges per vertice', 1000)",Filter Kruskal,4,0.9817107999531925,0.1338749386607254
"('Preferential attachment 100 edges per vertice', 1000)",Filter Kruskal,6,1.0181246221257547,0.14219872968214803
"('Preferential attachment 100 edges per vertice', 1000)",Filter Kruskal,8,0.8506607352227706,0.1211203814055683
"('Preferential attachment 100 edges per vertice', 1000)",Filter Kruskal,10,0.8456608830401251,0.1502666795409629
"('Preferential attachment 100 edges per vertice', 1000)",Filter Kruskal,12,0.7720953463235765,0.11918039285270202
"('Preferential attachment 100 edges per vertice', 1000)",Filter Kruskal,14,0.7629366748689392,0.16575432390313638
"('Preferential attachment 100 edges per vertice', 1000)",Filter Kruskal,16,0.6654367418908658,0.11828981057224433
"('Preferential attachment 100 edges per vertice', 1000)",Filter Kruskal,18,0.6030408576930297,0.12819575000419767
"('Preferential attachment 100 edges per vertice', 1000)",Filter Kruskal,20,0.663860283579894,0.13314184807427856
"('Preferential attachment 100 edges per vertice', 1000)",Filter Kruskal,22,0.5778504215275462,0.1456768044378192
"('Preferential attachment 100 edges per vertice', 1000)",Filter Kruskal,24,0.5543802667905522,0.13463564471740663
"('Preferential attachment 100 edges per vertice', 1000)",Filter Kruskal,26,0.5334044143164376,0.12954974999556496
"('Preferential attachment 100 edges per vertice', 1000)",Filter Kruskal,28,0.41710917222802324,0.08425030299395236
"('Preferential attachment 100 edges per vertice', 1000)",Filter Kruskal,30,0.3963019498525802,0.0869937950786657
"('Preferential attachment 100 edges per vertice', 1000)",Filter Kruskal,32,0.28990607844496485,0.03570373801472116
"('Preferential attachment 100 edges per vertice', 1000)",Filter Sollin,1,1.000000012379537,0.1973748916416555
"('Preferential attachment 100 edges per vertice', 1000)",Filter Sollin,2,0.926952005518161,0.45255332170524676
"('Preferential attachment 100 edges per vertice', 1000)",Filter Sollin,4,0.7201046070777521,0.4740895038033357
"('Preferential attachment 100 edges per vertice', 1000)",Filter Sollin,6,0.9464371426467166,0.4514922741859722
"('Preferential attachment 100 edges per vertice', 1000)",Filter Sollin,8,0.7540919499105787,0.4563739746575524
"('Preferential attachment 100 edges per vertice', 1000)",Filter Sollin,10,0.863743188273318,0.39581867744474375
"('Preferential attachment 100 edges per vertice', 1000)",Filter Sollin,12,0.9347830185478363,0.37426885919967834
"('Preferential attachment 100 edges per vertice', 1000)",Filter Sollin,14,0.6874955327365536,0.39708860080401864
"('Preferential attachment 100 edges per vertice', 1000)",Filter Sollin,16,0.7946836267691505,0.39005469773914747
"('Preferential attachment 100 edges per vertice', 1000)",Filter Sollin,18,0.8147520141347091,0.43088078652507206
"('Preferential attachment 100 edges per vertice', 1000)",Kruskal,1,1.0,0.11221334263542619
"('Preferential attachment 100 edges per vertice', 1000)",Kruskal,2,0.8757830252195354,0.07111221206958195
"('Preferential attachment 100 edges per vertice', 1000)",Kruskal,4,0.9196348158593453,0.0842989293377894
"('Preferential attachment 100 edges per vertice', 1000)",Kruskal,6,0.9225609438627123,0.08938731899304411
"('Preferential attachment 100 edges per vertice', 1000)",Kruskal,8,0.9261469383675696,0.07292904248084452
"('Preferential attachment 100 edges per vertice', 1000)",Kruskal,10,0.9355239632217943,0.04789158686825859
"('Preferential attachment 100 edges per vertice', 1000)",Kruskal,12,0.9360408995721696,0.04551083990871717
"('Preferential attachment 100 edges per vertice', 1000)",Kruskal,14,0.9425092854519284,0.04438053083294508
"('Preferential attachment 100 edges per vertice', 1000)",Kruskal,16,0.9295878711061568,0.039632476919559075
"('Preferential attachment 100 edges per vertice', 1000)",Kruskal,18,0.9277264789305737,0.09302775293370345
"('Preferential attachment 100 edges per vertice', 1000)",Kruskal,20,0.9376166085707472,0.04913103302458122
"('Preferential attachment 100 edges per vertice', 1000)",Kruskal,22,0.9445795331414402,0.043508061994225085
"('Preferential attachment 100 edges per vertice', 1000)",Kruskal,24,0.943038700118535,0.041406588333594556
"('Preferential attachment 100 edges per vertice', 1000)",Kruskal,26,0.9401266089433704,0.04115665870873334
"('Preferential attachment 100 edges per vertice', 1000)",Kruskal,28,0.9462548686916002,0.05128308049454043
"('Preferential attachment 100 edges per vertice', 1000)",Kruskal,30,0.9354129908389717,0.04693809530647439
"('Preferential attachment 100 edges per vertice', 1000)",Kruskal,32,0.9413015582140281,0.06361516316031815
"('Preferential attachment 100 edges per vertice', 1000)",Sollin AL,1,1.0000119745126657,0.03159678250298049
"('Preferential attachment 100 edges per vertice', 1000)",Sollin AL,2,0.9908994036772271,0.4465351676886595
"('Preferential attachment 100 edges per vertice', 1000)",Sollin AL,4,1.1941699990947592,0.5719773063848996
"('Preferential attachment 100 edges per vertice', 1000)",Sollin AL,6,0.8396644789892754,0.6311176190723126
"('Preferential attachment 100 edges per vertice', 1000)",Sollin AL,8,0.855350980665874,0.7114951420032546
"('Preferential attachment 100 edges per vertice', 1000)",Sollin AL,10,1.472450685238835,0.7232488982940206
"('Preferential attachment 100 edges per vertice', 1000)",Sollin AL,12,0.9979074024342489,0.7206578871572238
"('Preferential attachment 100 edges per vertice', 1000)",Sollin AL,14,1.0412413561048455,0.7409007231044166
"('Preferential attachment 100 edges per vertice', 1000)",Sollin AL,16,1.1393617531396367,0.7539343857370083
"('Preferential attachment 100 edges per vertice', 1000)",Sollin AL,18,1.2569430109046245,0.6074368432649747
"('Preferential attachment 100 edges per vertice', 1000)",Sollin FAL,1,1.0000023544156755,0.0826461166624796
"('Preferential attachment 100 edges per vertice', 1000)",Sollin FAL,2,1.0439067582609864,0.46932306671009194
"('Preferential attachment 100 edges per vertice', 1000)",Sollin FAL,4,1.2926411569910545,0.6538419131927191
"('Preferential attachment 100 edges per vertice', 1000)",Sollin FAL,6,0.8983814530443908,0.7633324473113068
"('Preferential attachment 100 edges per vertice', 1000)",Sollin FAL,8,0.9478357297186979,0.7037127998451408
"('Preferential attachment 100 edges per vertice', 1000)",Sollin FAL,10,0.8478596065931192,0.7142255720060471
"('Preferential attachment 100 edges per vertice', 1000)",Sollin FAL,12,0.5080495751842792,0.6842326352971121
"('Preferential attachment 100 edges per vertice', 1000)",Sollin FAL,14,0.690611954756951,0.693391713352602
"('Preferential attachment 100 edges per vertice', 1000)",Sollin FAL,16,0.7352700734511627,0.6840864584005355
"('Preferential attachment 100 edges per vertice', 1000)",Sollin FAL,18,0.6998506030988894,0.5825764432791589
"('Preferential attachment 100 edges per vertice', 10000)",Sollin AL,1,1.0000075239760864,0.01862180607885852
"('Preferential attachment 100 edges per vertice', 10000)",Sollin AL,2,0.8109397410872535,0.11212382039528415
"('Preferential attachment 100 edges per vertice', 10000)",Sollin AL,4,1.0261374709348208,0.1567989037825714
"('Preferential attachment 100 edges per vertice', 10000)",Sollin AL,6,1.1988628588218015,0.2537136496026784
"('Preferential attachment 100 edges per vertice', 10000)",Sollin AL,8,1.4289971442418072,0.3191678494863752
"('Preferential attachment 100 edges per vertice', 10000)",Sollin AL,10,1.5003584335296705,0.4238442006897082
"('Preferential attachment 100 edges per vertice', 10000)",Sollin AL,12,1.6093901105857356,0.36951270659472235
"('Preferential attachment 100 edges per vertice', 10000)",Sollin AL,14,1.8961082479328368,0.4388345448302271
"('Preferential attachment 100 edges per vertice', 10000)",Sollin AL,16,1.9857755675726207,0.3378237004953554
"('Preferential attachment 100 edges per vertice', 10000)",Sollin AL,18,1.8401787946235353,0.4189046368989149
"('Preferential attachment 100 edges per vertice', 10000)",Sollin AL,20,1.8749469335491447,0.48330471347406223
"('Preferential attachment 100 edges per vertice', 10000)",Sollin AL,22,2.072257087602532,0.44214009244015223
"('Preferential attachment 100 edges per vertice', 10000)",Sollin AL,24,2.0327117000841746,0.29467783849209994
"('Preferential attachment 100 edges per vertice', 10000)",Sollin AL,26,2.070214323842266,0.3507758832147043
"('Preferential attachment 100 edges per vertice', 10000)",Sollin AL,28,2.0654854296725023,0.4641595969497951
"('Preferential attachment 100 edges per vertice', 10000)",Sollin AL,30,2.1687096792739737,0.3780803782599723
"('Preferential attachment 100 edges per vertice', 10000)",Sollin AL,32,2.1191162437493496,0.3662217464275622
"('Preferential attachment 1000 edges per vertice', 10000)",Filter Kruskal,1,1.0,0.28506073967341683
"('Preferential attachment 1000 edges per vertice', 10000)",Filter Kruskal,2,1.4646899313303094,0.2962848426755758
"('Preferential attachment 1000 edges per vertice', 10000)",Filter Kruskal,4,2.5071309278077947,0.6000423571012906
"('Preferential attachment 1000 edges per vertice', 10000)",Filter Kruskal,6,3.106066356453086,0.9054006091536402
"('Preferential attachment 1000 edges per vertice', 10000)",Filter Kruskal,8,3.703835286857406,0.9055062841756772
"('Preferential attachment 1000 edges per vertice', 10000)",Filter Kruskal,10,3.9232972721923494,1.3267990545406754
"('Preferential attachment 1000 edges per vertice', 10000)",Filter Kruskal,12,3.951884219486472,1.0231345627512713
"('Preferential attachment 1000 edges per vertice', 10000)",Filter Kruskal,14,4.013899638260609,1.3969668204137504
"('Preferential attachment 1000 edges per vertice', 10000)",Filter Kruskal,16,4.266587236814905,1.2187198364054372
"('Preferential attachment 1000 edges per vertice', 10000)",Filter Kruskal,18,4.152635878003698,1.467438407768344
"('Preferential attachment 1000 edges per vertice', 10000)",Filter Kruskal,20,4.184939054531007,1.8564569468617955
"('Preferential attachment 1000 edges per vertice', 10000)",Filter Kruskal,22,4.53820566093203,1.457430291429191
"('Preferential attachment 1000 edges per vertice', 10000)",Filter Kruskal,24,4.478098915924848,1.4689540861263266
"('Preferential attachment 1000 edges per vertice', 10000)",Filter Kruskal,26,4.119623181195146,1.737130198615796
"('Preferential attachment 1000 edges per vertice', 10000)",Filter Kruskal,28,4.0136150447857855,1.5092787219600197
"('Preferential attachment 1000 edges per vertice', 10000)",Filter Kruskal,30,3.5147366510230533,1.3867115113639867
"('Preferential attachment 1000 edges per vertice', 10000)",Filter Kruskal,32,4.124078916526524,1.235457365870228
"('Preferential attachment 1000 edges per vertice', 10000)",Filter Sollin,1,1.0000027081513212,0.24143184993819328
"('Preferential attachment 1000 edges per vertice', 10000)",Filter Sollin,2,1.0193159030327417,0.32144916639520627
"('Preferential attachment 1000 edges per vertice', 10000)",Filter Sollin,4,0.9528022709343367,0.18081961735251914
"('Preferential attachment 1000 edges per vertice', 10000)",Filter Sollin,6,1.1459916261749683,0.2709893818076935
"('Preferential attachment 1000 edges per vertice', 10000)",Filter Sollin,8,1.1541962116427316,0.38937379248019605
"('Preferential attachment 1000 edges per vertice', 10000)",Filter Sollin,10,1.3095002265238798,0.35688073282729194
"('Preferential attachment 1000 edges per vertice', 10000)",Filter Sollin,12,1.3781037804439522,0.30988935242867766
"('Preferential attachment 1000 edges per vertice', 10000)",Filter Sollin,14,1.4381561004659957,0.41846126635663544
"('Preferential attachment 1000 edges per vertice', 10000)",Filter Sollin,16,1.5766235120118834,0.3137204963922841
"('Preferential attachment 1000 edges per vertice', 10000)",Filter Sollin,18,1.6653896247444506,0.459299341453362
"('Preferential attachment 1000 edges per vertice', 10000)",Filter Sollin,20,1.8580791200286448,0.31593371572837914
"('Preferential attachment 1000 edges per vertice', 10000)",Filter Sollin,22,1.892750022911387,0.29905419130421945
"('Preferential attachment 1000 edges per vertice', 10000)",Filter Sollin,24,2.0702219146210457,0.42696036135484877
"('Preferential attachment 1000 edges per vertice', 10000)",Filter Sollin,26,2.0714552217387485,0.5494653908804599
"('Preferential attachment 1000 edges per vertice', 10000)",Filter Sollin,28,2.203455405898148,0.6503377695762048
"('Preferential attachment 1000 edges per vertice', 10000)",Filter Sollin,30,2.28489204874245,0.3708746009195099
"('Preferential attachment 1000 edges per vertice', 10000)",Filter Sollin,32,2.276060898859277,0.4107670773661678
"('Preferential attachment 1000 edges per vertice', 10000)",Kruskal,1,1.0,0.14841037054776587
"('Preferential attachment 1000 edges per vertice', 10000)",Kruskal,2,1.1709606730264341,0.1530680928106704
"('Preferential attachment 1000 edges per vertice', 10000)",Kruskal,4,1.4678458498282652,0.2537495820330658
"('Preferential attachment 1000 edges per vertice', 10000)",Kruskal,6,1.5176482168736252,0.21094128544528196
"('Preferential attachment 1000 edges per vertice', 10000)",Kruskal,8,1.468916551695138,0.25286179597937125
"('Preferential attachment 1000 edges per vertice', 10000)",Kruskal,10,1.5519241255034328,0.25075563983122384
"('Preferential attachment 1000 edges per vertice', 10000)",Kruskal,12,1.5077747744407959,0.2609539492637397
"('Preferential attachment 1000 edges per vertice', 10000)",Kruskal,14,1.5361098581193897,0.20998903944790595
"('Preferential attachment 1000 edges per vertice', 10000)",Kruskal,16,1.3914472482019404,0.283588613446816
"('Preferential attachment 1000 edges per vertice', 10000)",Kruskal,18,1.4002590360687945,0.28583782397203283
"('Preferential attachment 1000 edges per vertice', 10000)",Kruskal,20,1.480210673636309,0.32205489467206344
"('Preferential attachment 1000 edges per vertice', 10000)",Kruskal,22,1.5588205351181592,0.27398933943597653
"('Preferential attachment 1000 edges per vertice', 10000)",Kruskal,24,1.4601394540416275,0.2591801264342179
"('Preferential attachment 1000 edges per vertice', 10000)",Kruskal,26,1.623402552452673,0.26266093323736767
"('Preferential attachment 1000 edges per vertice', 10000)",Kruskal,28,1.5479608528374191,0.1973370881384542
"('Preferential attachment 1000 edges per vertice', 10000)",Kruskal,30,1.4790929282948353,0.257462637844833
"('Preferential attachment 1000 edges per vertice', 10000)",Kruskal,32,1.5489097592646377,0.2493526767641558
"('Preferential attachment 1000 edges per vertice', 10000)",Sollin AL,1,1.0,0.03636148412179431
"('Preferential attachment 1000 edges per vertice', 10000)",Sollin AL,2,1.1033059514497232,0.03286214213700188
"('Preferential attachment 1000 edges per vertice', 10000)",Sollin AL,4,1.1507297023020968,0.0254234136766644
"('Preferential attachment 1000 edges per vertice', 10000)",Sollin AL,6,0.686140546235405,0.4151453410903223
"('Preferential attachment 1000 edges per vertice', 10000)",Sollin AL,8,1.2340913358504544,0.1939011665995986
"('Preferential attachment 1000 edges per vertice', 10000)",Sollin AL,10,1.516114007312566,0.2940292876447273
"('Preferential attachment 1000 edges per vertice', 10000)",Sollin AL,12,1.36138776214261,0.2297398122830606
"('Preferential attachment 1000 edges per vertice', 10000)",Sollin AL,14,1.482427367699013,0.059247555599651405
"('Preferential attachment 1000 edges per vertice', 10000)",Sollin AL,16,1.6190508978169462,0.35933021717584646
"('Preferential attachment 1000 edges per vertice', 10000)",Sollin AL,18,1.640764209702399,0.2994761506013537
"('Preferential attachment 1000 edges per vertice', 10000)",Sollin AL,20,1.569972432218062,0.06441119710609727
"('Preferential attachment 1000 edges per vertice', 10000)",Sollin AL,22,1.008781721967448,0.8193973878705714
"('Preferential attachment 1000 edges per vertice', 10000)",Sollin AL,24,1.9283605434120257,0.0034410623241356367
"('Preferential attachment 1000 edges per vertice', 10000)",Sollin AL,26,1.7180752588650352,0.30938245133543346
"('Preferential attachment 1000 edges per vertice', 10000)",Sollin AL,28,1.0880304525963942,0.8533472796637012
"('Preferential attachment 1000 edges per vertice', 10000)",Sollin AL,30,0.8502945861518569,0.7044749476051392
"('Preferential attachment 1000 edges per vertice', 10000)",Sollin AL,32,1.8760703172673208,0.035011760161737196
"('Preferential attachment 1000 edges per vertice', 10000)",Sollin FAL,1,1.0,0.22515611537187138
"('Preferential attachment 1000 edges per vertice', 10000)",Sollin FAL,2,1.2075803261407587,0.24354797733896033
"('Preferential attachment 1000 edges per vertice', 10000)",Sollin FAL,4,1.2679505378207785,0.2688070969255112
"('Preferential attachment 1000 edges per vertice', 10000)",Sollin FAL,6,1.4341956543230328,0.29481787579059693
"('Preferential attachment 1000 edges per vertice', 10000)",Sollin FAL,8,1.590937522514334,0.3548458446718876
"('Preferential attachment 1000 edges per vertice', 10000)",Sollin FAL,10,1.7523642803580566,0.3729858458669755
"('Preferential attachment 1000 edges per vertice', 10000)",Sollin FAL,12,1.8641848114410773,0.34008072429824193
"('Preferential attachment 1000 edges per vertice', 10000)",Sollin FAL,14,2.0151647887950737,0.39058008001103883
"('Preferential attachment 1000 edges per vertice', 10000)",Sollin FAL,16,2.070036378534697,0.3684580898959096
"('Preferential attachment 1000 edges per vertice', 10000)",Sollin FAL,18,2.1838733930224272,0.4135340239245326
"('Preferential attachment 1000 edges per vertice', 10000)",Sollin FAL,20,2.279887455672035,0.42584006561074855
"('Preferential attachment 1000 edges per vertice', 10000)",Sollin FAL,22,2.365129354578222,0.5316081745764009
"('Preferential attachment 1000 edges per vertice', 10000)",Sollin FAL,24,2.4769055415482217,0.5319742293140716
"('Preferential attachment 1000 edges per vertice', 10000)",Sollin FAL,26,2.521331034207802,0.40380433978927216
"('Preferential attachment 1000 edges per vertice', 10000)",Sollin FAL,28,2.6537458782643712,0.5468582719336669
"('Preferential attachment 1000 edges per vertice', 10000)",Sollin FAL,30,2.70962908808151,0.4399525349010669
"('Preferential attachment 1000 edges per vertice', 10000)",Sollin FAL,32,2.8364107598856783,0.5601594493168435
"('Preferential attachment 20 edges per vertice', 2000)",BGL: Boruvka mixed merge,1,1.0000003942986952,0.010540925163725973
"('Preferential attachment 20 edges per vertice', 2000)",BGL: Boruvka mixed merge,2,0.08177471180097552,0.0014464815595622957
"('Preferential attachment 20 edges per vertice', 2000)",BGL: Boruvka mixed merge,4,0.0409677963464188,0.00042815373721418924
"('Preferential attachment 20 edges per vertice', 2000)",BGL: Boruvka mixed merge,6,0.04093297268921908,0.0002790601253671541
"('Preferential attachment 20 edges per vertice', 2000)",BGL: Boruvka mixed merge,8,0.04011979028426917,0.00017525396048194064
"('Preferential attachment 20 edges per vertice', 2000)",BGL: Boruvka mixed merge,10,0.02641663337779197,0.000310118605520053
"('Preferential attachment 20 edges per vertice', 2000)",BGL: Boruvka mixed merge,12,0.02612507422390094,0.00045518545872371183
"('Preferential attachment 20 edges per vertice', 2000)",BGL: Boruvka mixed merge,14,0.02551503986333578,0.0005297698960946953
"('Preferential attachment 20 edges per vertice', 2000)",BGL: Boruvka mixed merge,16,0.02354870566079334,0.00045244882916787834
"('Preferential attachment 20 edges per vertice', 2000)",BGL: Boruvka mixed merge,18,0.022510591315852847,0.000618093811419013
"('Preferential attachment 20 edges per vertice', 2000)",BGL: Boruvka then merge,1,1.0000000756256697,0.009204842663000366
"('Preferential attachment 20 edges per vertice', 2000)",BGL: Boruvka then merge,2,0.0853682795514607,0.0019252823408377226
"('Preferential attachment 20 edges per vertice', 2000)",BGL: Boruvka then merge,4,0.042806185727349955,0.00031787433883840796
"('Preferential attachment 20 edges per vertice', 2000)",BGL: Boruvka then merge,6,0.04277484603745268,0.00019212636199201485
"('Preferential attachment 20 edges per vertice', 2000)",BGL: Boruvka then merge,8,0.04195884218731459,0.00047364922567146565
"('Preferential attachment 20 edges per vertice', 2000)",BGL: Boruvka then merge,10,0.0274758996507749,0.0003730790252055519
"('Preferential attachment 20 edges per vertice', 2000)",BGL: Boruvka then merge,12,0.027285796069862284,0.0005475047923125109
"('Preferential attachment 20 edges per vertice', 2000)",BGL: Boruvka then merge,14,0.026685608225211134,0.0005471392465384388
"('Preferential attachment 20 edges per vertice', 2000)",BGL: Boruvka then merge,16,0.024535193117201034,0.0004530448152687929
"('Preferential attachment 20 edges per vertice', 2000)",BGL: Boruvka then merge,18,0.02379604966208835,0.0006093414046054563
"('Preferential attachment 20 edges per vertice', 2000)",BGL: Dense Boruvka,1,1.0000004235173405,0.016082734314759088
"('Preferential attachment 20 edges per vertice', 2000)",BGL: Dense Boruvka,2,0.9107813427051223,0.02145711021243746
"('Preferential attachment 20 edges per vertice', 2000)",BGL: Dense Boruvka,4,1.0161093631734635,0.024483971645763675
"('Preferential attachment 20 edges per vertice', 2000)",BGL: Dense Boruvka,6,1.1468324934257104,0.016157389442567806
"('Preferential attachment 20 edges per vertice', 2000)",BGL: Dense Boruvka,8,1.2275297200512862,0.022703037224346106
"('Preferential attachment 20 edges per vertice', 2000)",BGL: Dense Boruvka,10,1.297154466469053,0.024462376062472455
"('Preferential attachment 20 edges per vertice', 2000)",BGL: Dense Boruvka,12,1.3448172101940843,0.024775630238667735
"('Preferential attachment 20 edges per vertice', 2000)",BGL: Dense Boruvka,14,1.3801323416874518,0.02662349449271707
"('Preferential attachment 20 edges per vertice', 2000)",BGL: Dense Boruvka,16,1.3658337715071325,0.03482882820756334
"('Preferential attachment 20 edges per vertice', 2000)",BGL: Dense Boruvka,18,1.345688034191082,0.03979047888141039
"('Preferential attachment 20 edges per vertice', 2000)",BGL: Local merge,1,1.000003952313543,0.01371594985725771
"('Preferential attachment 20 edges per vertice', 2000)",BGL: Local merge,2,0.08232170780160959,0.00144677703967537
"('Preferential attachment 20 edges per vertice', 2000)",BGL: Local merge,4,0.04122461986529487,0.00023243438945337266
"('Preferential attachment 20 edges per vertice', 2000)",BGL: Local merge,6,0.0411550443828944,0.00041559832271761184
"('Preferential attachment 20 edges per vertice', 2000)",BGL: Local merge,8,0.040355912555407505,0.0006056998472674046
"('Preferential attachment 20 edges per vertice', 2000)",BGL: Local merge,10,0.02652875194456028,0.00022916928987800286
"('Preferential attachment 20 edges per vertice', 2000)",BGL: Local merge,12,0.026104351864650148,0.0003822780840004076
"('Preferential attachment 20 edges per vertice', 2000)",BGL: Local merge,14,0.025457916747486854,0.0005382375475982067
"('Preferential attachment 20 edges per vertice', 2000)",BGL: Local merge,16,0.023501454967697944,0.00040060340082838315
"('Preferential attachment 20 edges per vertice', 2000)",BGL: Local merge,18,0.022669633426377036,0.0005863396561887215
"('Preferential attachment 20 edges per vertice', 2000)",Filter Kruskal,1,1.0000010327549513,0.3071467640176464
"('Preferential attachment 20 edges per vertice', 2000)",Filter Kruskal,2,0.8360357450886169,0.14439125722451215
"('Preferential attachment 20 edges per vertice', 2000)",Filter Kruskal,4,0.774379125241152,0.09518785913679158
"('Preferential attachment 20 edges per vertice', 2000)",Filter Kruskal,6,0.7957194930686352,0.14117200400702493
"('Preferential attachment 20 edges per vertice', 2000)",Filter Kruskal,8,0.5786037200583651,0.12643604899086153
"('Preferential attachment 20 edges per vertice', 2000)",Filter Kruskal,10,0.5787899595109817,0.12160235694395402
"('Preferential attachment 20 edges per vertice', 2000)",Filter Kruskal,12,0.5282966044383318,0.1315244917343069
"('Preferential attachment 20 edges per vertice', 2000)",Filter Kruskal,14,0.5279823781301229,0.11995077154644733
"('Preferential attachment 20 edges per vertice', 2000)",Filter Kruskal,16,0.4338514022002192,0.09686186427554634
"('Preferential attachment 20 edges per vertice', 2000)",Filter Kruskal,18,0.41066446812683843,0.10150386370215472
"('Preferential attachment 20 edges per vertice', 2000)",Filter Kruskal,20,0.4344763882917235,0.10444079133999769
"('Preferential attachment 20 edges per vertice', 2000)",Filter Kruskal,22,0.402259530903149,0.09526118096209146
"('Preferential attachment 20 edges per vertice', 2000)",Filter Kruskal,24,0.353459336509209,0.10916359378193272
"('Preferential attachment 20 edges per vertice', 2000)",Filter Kruskal,26,0.33018255314372524,0.08046127206846937
"('Preferential attachment 20 edges per vertice', 2000)",Filter Kruskal,28,0.25389155399369634,0.07224759120040963
"('Preferential attachment 20 edges per vertice', 2000)",Filter Kruskal,30,0.2770333677646998,0.07666044685474838
"('Preferential attachment 20 edges per vertice', 2000)",Filter Kruskal,32,0.18353634470032876,0.04740480728515043
"('Preferential attachment 20 edges per vertice', 2000)",Filter Sollin,1,1.0000000177319148,0.03236520155500301
"('Preferential attachment 20 edges per vertice', 2000)",Filter Sollin,2,0.3971057999995713,0.2550629401906283
"('Preferential attachment 20 edges per vertice', 2000)",Filter Sollin,4,0.43968874318438467,0.24963368269514574
"('Preferential attachment 20 edges per vertice', 2000)",Filter Sollin,6,0.62172324099281,0.24996450079793106
"('Preferential attachment 20 edges per vertice', 2000)",Filter Sollin,8,0.5445972900511244,0.19123056914722106
"('Preferential attachment 20 edges per vertice', 2000)",Filter Sollin,10,0.5182278579661244,0.18667941499087878
"('Preferential attachment 20 edges per vertice', 2000)",Filter Sollin,12,0.5230902667626662,0.15354006811041424
"('Preferential attachment 20 edges per vertice', 2000)",Filter Sollin,14,0.5159325044182805,0.15566714656275812
"('Preferential attachment 20 edges per vertice', 2000)",Filter Sollin,16,0.5073716812660072,0.1371833106883015
"('Preferential attachment 20 edges per vertice', 2000)",Filter Sollin,18,0.504770548980179,0.1211454775031913
"('Preferential attachment 20 edges per vertice', 2000)",Kruskal,1,1.0,0.10411248660387563
"('Preferential attachment 20 edges per vertice', 2000)",Kruskal,2,0.8107854653813474,0.07936915279386922
"('Preferential attachment 20 edges per vertice', 2000)",Kruskal,4,0.7990917057163858,0.059362059037140695
"('Preferential attachment 20 edges per vertice', 2000)",Kruskal,6,0.775051865530001,0.09843989650889354
"('Preferential attachment 20 edges per vertice', 2000)",Kruskal,8,0.7685384717825152,0.05485314191474706
"('Preferential attachment 20 edges per vertice', 2000)",Kruskal,10,0.7540587147193175,0.06515731100328997
"('Preferential attachment 20 edges per vertice', 2000)",Kruskal,12,0.7334396406381515,0.05164903436468149
"('Preferential attachment 20 edges per vertice', 2000)",Kruskal,14,0.7461510772067225,0.054550584587089695
"('Preferential attachment 20 edges per vertice', 2000)",Kruskal,16,0.7317822550041045,0.05961324109568987
"('Preferential attachment 20 edges per vertice', 2000)",Kruskal,18,0.7294132510340848,0.05405392242262725
"('Preferential attachment 20 edges per vertice', 2000)",Kruskal,20,0.7690037845189304,0.048018991451527
"('Preferential attachment 20 edges per vertice', 2000)",Kruskal,22,0.7521920876444297,0.039211114578258294
"('Preferential attachment 20 edges per vertice', 2000)",Kruskal,24,0.7621119774386163,0.08553918345274433
"('Preferential attachment 20 edges per vertice', 2000)",Kruskal,26,0.7695954302280226,0.0478688907535583
"('Preferential attachment 20 edges per vertice', 2000)",Kruskal,28,0.7692185006918497,0.06509208064789167
"('Preferential attachment 20 edges per vertice', 2000)",Kruskal,30,0.7636497630240151,0.04433987869582953
"('Preferential attachment 20 edges per vertice', 2000)",Kruskal,32,0.7690664267760262,0.06143827913344725
"('Preferential attachment 20 edges per vertice', 2000)",Sollin AL,1,1.0000066796362626,0.0380654872653574
"('Preferential attachment 20 edges per vertice', 2000)",Sollin AL,2,0.9677213521583468,0.2309914904187684
"('Preferential attachment 20 edges per vertice', 2000)",Sollin AL,4,1.2390469812450653,0.4041727860489132
"('Preferential attachment 20 edges per vertice', 2000)",Sollin AL,6,1.283507223338506,0.4413725319657919
"('Preferential attachment 20 edges per vertice', 2000)",Sollin AL,8,1.4290093949546059,0.4887888992694525
"('Preferential attachment 20 edges per vertice', 2000)",Sollin AL,10,1.4362065397167982,0.5188144809223894
"('Preferential attachment 20 edges per vertice', 2000)",Sollin AL,12,1.0978911680486312,0.5005128666924322
"('Preferential attachment 20 edges per vertice', 2000)",Sollin AL,14,1.1263878148085538,0.5080333235366977
"('Preferential attachment 20 edges per vertice', 2000)",Sollin AL,16,1.2036423465420736,0.5415675909696828
"('Preferential attachment 20 edges per vertice', 2000)",Sollin AL,18,1.1412102289799182,0.5203057308688391
"('Preferential attachment 20 edges per vertice', 2000)",Sollin FAL,1,1.00006566539635,0.13316121142349613
"('Preferential attachment 20 edges per vertice', 2000)",Sollin FAL,2,0.6477956817770736,0.19576258375721375
"('Preferential attachment 20 edges per vertice', 2000)",Sollin FAL,4,0.49517193823264305,0.22645672196057398
"('Preferential attachment 20 edges per vertice', 2000)",Sollin FAL,6,0.5347096407283145,0.20063398922715867
"('Preferential attachment 20 edges per vertice', 2000)",Sollin FAL,8,0.6714853285486139,0.2234596714109558
"('Preferential attachment 20 edges per vertice', 2000)",Sollin FAL,10,0.5285223530677177,0.19982717729384225
"('Preferential attachment 20 edges per vertice', 2000)",Sollin FAL,12,0.6053592231549331,0.2039225191740516
"('Preferential attachment 20 edges per vertice', 2000)",Sollin FAL,14,0.4989184655001296,0.19534610714925105
"('Preferential attachment 20 edges per vertice', 2000)",Sollin FAL,16,0.5575739377358148,0.19368940289217673
"('Preferential attachment 20 edges per vertice', 2000)",Sollin FAL,18,0.5217046140202057,0.1882777167056882
"('Preferential attachment 50 edges per vertice', 50000)",Filter Kruskal,1,1.0,0.2767839742477895
"('Preferential attachment 50 edges per vertice', 50000)",Filter Kruskal,2,1.392764831111263,0.2270109978044948
"('Preferential attachment 50 edges per vertice', 50000)",Filter Kruskal,4,2.197718919438941,0.3496415377378499
"('Preferential attachment 50 edges per vertice', 50000)",Filter Kruskal,6,2.859296141756037,0.3737411687362808
"('Preferential attachment 50 edges per vertice', 50000)",Filter Kruskal,8,2.8540917362921654,0.4201253152622804
"('Preferential attachment 50 edges per vertice', 50000)",Filter Kruskal,10,3.054428417736648,0.5984289461300208
"('Preferential attachment 50 edges per vertice', 50000)",Filter Kruskal,12,3.2543062242463536,0.35640040585012617
"('Preferential attachment 50 edges per vertice', 50000)",Filter Kruskal,14,3.4508708164517006,0.37490632323827894
"('Preferential attachment 50 edges per vertice', 50000)",Filter Kruskal,16,3.055154078588057,0.4957839668544403
"('Preferential attachment 50 edges per vertice', 50000)",Filter Kruskal,18,3.10285301766147,0.4655911620323996
"('Preferential attachment 50 edges per vertice', 50000)",Filter Kruskal,20,2.9970716998723943,0.4572714996555462
"('Preferential attachment 50 edges per vertice', 50000)",Filter Kruskal,22,2.923752406959057,0.3859244000348798
"('Preferential attachment 50 edges per vertice', 50000)",Filter Kruskal,24,2.8512396745119846,0.34654107500229164
"('Preferential attachment 50 edges per vertice', 50000)",Filter Kruskal,26,2.7394919123711565,0.37377559304593394
"('Preferential attachment 50 edges per vertice', 50000)",Filter Kruskal,28,2.6121346272321833,0.35373858052186774
"('Preferential attachment 50 edges per vertice', 50000)",Filter Kruskal,30,2.5310391715106606,0.3322298683664607
"('Preferential attachment 50 edges per vertice', 50000)",Filter Kruskal,32,2.159397834426053,0.30083394375082195
"('Preferential attachment 50 edges per vertice', 50000)",Filter Sollin,1,1.0,0.07607520525225996
"('Preferential attachment 50 edges per vertice', 50000)",Filter Sollin,2,1.0088827224394072,0.15841724443798
"('Preferential attachment 50 edges per vertice', 50000)",Filter Sollin,4,1.1803452877861185,0.1684526971556306
"('Preferential attachment 50 edges per vertice', 50000)",Filter Sollin,6,1.1415781199221806,0.22306991146434788
"('Preferential attachment 50 edges per vertice', 50000)",Filter Sollin,8,1.2303831535636716,0.18983005958705246
"('Preferential attachment 50 edges per vertice', 50000)",Filter Sollin,10,1.2041946498573015,0.1732186895117317
"('Preferential attachment 50 edges per vertice', 50000)",Filter Sollin,12,1.2026985213429096,0.16616990237884222
"('Preferential attachment 50 edges per vertice', 50000)",Filter Sollin,14,1.155004615486679,0.14934931200972104
"('Preferential attachment 50 edges per vertice', 50000)",Filter Sollin,16,1.1908835675557057,0.1504148241452197
"('Preferential attachment 50 edges per vertice', 50000)",Filter Sollin,18,1.1726397718567763,0.1695788173075086
"('Preferential attachment 50 edges per vertice', 50000)",Filter Sollin,20,1.193041369481845,0.1684604777479633
"('Preferential attachment 50 edges per vertice', 50000)",Filter Sollin,22,1.216209777342233,0.19847110750471184
"('Preferential attachment 50 edges per vertice', 50000)",Filter Sollin,24,1.169357575995063,0.18452628899569842
"('Preferential attachment 50 edges per vertice', 50000)",Filter Sollin,26,1.2296999478460648,0.1524378419067805
"('Preferential attachment 50 edges per vertice', 50000)",Filter Sollin,28,1.2041015171535365,0.1807103632967446
"('Preferential attachment 50 edges per vertice', 50000)",Filter Sollin,30,1.160755633211033,0.2036414782941993
"('Preferential attachment 50 edges per vertice', 50000)",Filter Sollin,32,1.177097772262585,0.1356124089195239
"('Preferential attachment 50 edges per vertice', 50000)",Kruskal,1,1.0002696603059353,0.12834920807945985
"('Preferential attachment 50 edges per vertice', 50000)",Kruskal,2,1.1129624421719484,0.08132537231164191
"('Preferential attachment 50 edges per vertice', 50000)",Kruskal,4,1.2218848572721517,0.06020137368255764
"('Preferential attachment 50 edges per vertice', 50000)",Kruskal,6,1.281612714939643,0.056842455081763395
"('Preferential attachment 50 edges per vertice', 50000)",Kruskal,8,1.302608077837859,0.08648312891238927
"('Preferential attachment 50 edges per vertice', 50000)",Kruskal,10,1.2827669147848237,0.084119271514383
"('Preferential attachment 50 edges per vertice', 50000)",Kruskal,12,1.313338869247659,0.0672942999744052
"('Preferential attachment 50 edges per vertice', 50000)",Kruskal,14,1.2805426938235356,0.15634241558587375
"('Preferential attachment 50 edges per vertice', 50000)",Kruskal,16,1.3249325698237822,0.1412623627485441
"('Preferential attachment 50 edges per vertice', 50000)",Kruskal,18,1.2922694333193245,0.11192752982179921
"('Preferential attachment 50 edges per vertice', 50000)",Kruskal,20,1.3561330571444135,0.09431962220952343
"('Preferential attachment 50 edges per vertice', 50000)",Kruskal,22,1.3352641209508858,0.10830074115784259
"('Preferential attachment 50 edges per vertice', 50000)",Kruskal,24,1.3291228482869273,0.1286150724364471
"('Preferential attachment 50 edges per vertice', 50000)",Kruskal,26,1.3405482631960957,0.0894598652855069
"('Preferential attachment 50 edges per vertice', 50000)",Kruskal,28,1.3562848650058927,0.10631448745842267
"('Preferential attachment 50 edges per vertice', 50000)",Kruskal,30,1.3372783318367643,0.0848753257551291
"('Preferential attachment 50 edges per vertice', 50000)",Kruskal,32,1.341573914637741,0.115920038627396
"('Preferential attachment 50 edges per vertice', 50000)",Sollin AL,1,1.0000000206792075,0.06137765839141922
"('Preferential attachment 50 edges per vertice', 50000)",Sollin AL,2,0.8600876843026343,0.07757319646549862
"('Preferential attachment 50 edges per vertice', 50000)",Sollin AL,4,1.1448319073394861,0.08748365291582655
"('Preferential attachment 50 edges per vertice', 50000)",Sollin AL,6,1.467043758413195,0.10114342164805651
"('Preferential attachment 50 edges per vertice', 50000)",Sollin AL,8,1.7514209210771434,0.21692976584756476
"('Preferential attachment 50 edges per vertice', 50000)",Sollin AL,10,2.050870415045199,0.3207770098770764
"('Preferential attachment 50 edges per vertice', 50000)",Sollin AL,12,1.8820247157487637,0.3129710840068926
"('Preferential attachment 50 edges per vertice', 50000)",Sollin AL,14,2.228273739152969,0.3503084998012313
"('Preferential attachment 50 edges per vertice', 50000)",Sollin AL,16,1.9883118823996413,0.274378499955437
"('Preferential attachment 50 edges per vertice', 50000)",Sollin AL,18,2.406014098798764,0.2714063496661348
"('Preferential attachment 50 edges per vertice', 50000)",Sollin AL,20,2.3350663145050965,0.3992960243672596
"('Preferential attachment 50 edges per vertice', 50000)",Sollin AL,22,2.5251518569586953,0.3861181565410394
"('Preferential attachment 50 edges per vertice', 50000)",Sollin AL,24,2.5776136329440296,0.5091520706441651
"('Preferential attachment 50 edges per vertice', 50000)",Sollin AL,26,2.5666508103004273,0.6127383786041064
"('Preferential attachment 50 edges per vertice', 50000)",Sollin AL,28,2.439904566048168,0.4027381324351706
"('Preferential attachment 50 edges per vertice', 50000)",Sollin AL,30,2.7024473702987866,0.44298883070922523
"('Preferential attachment 50 edges per vertice', 50000)",Sollin AL,32,2.6646101490720815,0.3939758633637155
"('Preferential attachment 50 edges per vertice', 50000)",Sollin FAL,1,1.0,0.1437987541346024
"('Preferential attachment 50 edges per vertice', 50000)",Sollin FAL,2,1.1604037136834568,0.15992922461311743
"('Preferential attachment 50 edges per vertice', 50000)",Sollin FAL,4,1.353004310869429,0.17840952599138676
"('Preferential attachment 50 edges per vertice', 50000)",Sollin FAL,6,1.4592541119997064,0.22046942709453166
"('Preferential attachment 50 edges per vertice', 50000)",Sollin FAL,8,1.3491499415327646,0.22696232979174402
"('Preferential attachment 50 edges per vertice', 50000)",Sollin FAL,10,1.5395447257258938,0.21759902910195553
"('Preferential attachment 50 edges per vertice', 50000)",Sollin FAL,12,1.5599621931794825,0.15952173857350754
"('Preferential attachment 50 edges per vertice', 50000)",Sollin FAL,14,1.8179340383482516,0.2598737915004653
"('Preferential attachment 50 edges per vertice', 50000)",Sollin FAL,16,1.7579718799300301,0.2731424816175513
"('Preferential attachment 50 edges per vertice', 50000)",Sollin FAL,18,1.865970372603076,0.37076195972947074
"('Preferential attachment 50 edges per vertice', 50000)",Sollin FAL,20,1.8459976090773718,0.3510772461816261
"('Preferential attachment 50 edges per vertice', 50000)",Sollin FAL,22,1.9542846750417753,0.4205772522172311
"('Preferential attachment 50 edges per vertice', 50000)",Sollin FAL,24,1.6793984233116908,0.3661430531438261
"('Preferential attachment 50 edges per vertice', 50000)",Sollin FAL,26,2.066074022034293,0.21423039601708072
"('Preferential attachment 50 edges per vertice', 50000)",Sollin FAL,28,2.0413314302617325,0.35845026208761704
"('Preferential attachment 50 edges per vertice', 50000)",Sollin FAL,30,2.098348874511739,0.34900257907319077
"('Preferential attachment 50 edges per vertice', 50000)",Sollin FAL,32,2.1331918487330253,0.23420548371486927
"('USA-road-d.', 264346)",Filter Kruskal,1,1.0,0.13899943396298237
"('USA-road-d.', 264346)",Filter Kruskal,2,0.9846770591148746,0.11034546059742367
"('USA-road-d.', 264346)",Filter Kruskal,4,0.9622277742482722,0.12339283961536414
"('USA-road-d.', 264346)",Filter Kruskal,6,1.0172088114564697,0.12585280219964978
"('USA-road-d.', 264346)",Filter Kruskal,8,1.203236868391918,0.15773631316475156
"('USA-road-d.', 264346)",Filter Kruskal,10,0.909666579368399,0.18137644371856582
"('USA-road-d.', 264346)",Filter Kruskal,12,0.8569670132781301,0.18007693345466463
"('USA-road-d.', 264346)",Filter Kruskal,14,0.7863299062332108,0.16632815754348632
"('USA-road-d.', 264346)",Filter Kruskal,16,0.5812088729499642,0.17349211629727687
"('USA-road-d.', 264346)",Filter Kruskal,18,0.5525977608686443,0.1533607203199486
"('USA-road-d.', 264346)",Filter Kruskal,20,0.49731128580498757,0.14892402233995433
"('USA-road-d.', 264346)",Filter Kruskal,22,0.4864972926984584,0.1394293957704459
"('USA-road-d.', 264346)",Filter Kruskal,24,0.443121540737376,0.09599873712097522
"('USA-road-d.', 264346)",Filter Kruskal,26,0.43936287503314303,0.15106593865205778
"('USA-road-d.', 264346)",Filter Kruskal,28,0.3797905165481261,0.09772274492365557
"('USA-road-d.', 264346)",Filter Kruskal,30,0.34580713802158214,0.08027477798522488
"('USA-road-d.', 264346)",Filter Kruskal,32,0.2573399567547177,0.03759789083836136
"('USA-road-d.', 264346)",Filter Sollin,1,1.0000000060755843,0.05672447491833867
"('USA-road-d.', 264346)",Filter Sollin,2,1.275765600391595,0.033292313862673874
"('USA-road-d.', 264346)",Filter Sollin,4,1.3184540315956959,0.04353372826345338
"('USA-road-d.', 264346)",Filter Sollin,6,1.178611928831919,0.0755580627444844
"('USA-road-d.', 264346)",Filter Sollin,8,1.1252791560961914,0.06161469743139089
"('USA-road-d.', 264346)",Filter Sollin,10,1.0333691089489272,0.054907415480876576
"('USA-road-d.', 264346)",Filter Sollin,12,1.01856207197766,0.03486302505602684
"('USA-road-d.', 264346)",Filter Sollin,14,0.9628006483732119,0.03942332014596414
"('USA-road-d.', 264346)",Filter Sollin,16,0.9332913531717429,0.06040744606814391
"('USA-road-d.', 264346)",Filter Sollin,18,0.8710256718146344,0.061356271984683956
"('USA-road-d.', 264346)",Filter Sollin,20,0.8425778755061771,0.06067421540159785
"('USA-road-d.', 264346)",Filter Sollin,22,0.8167407027361957,0.06645125147023742
"('USA-road-d.', 264346)",Filter Sollin,24,0.7872620120964173,0.08038095070422423
"('USA-road-d.', 264346)",Filter Sollin,26,0.7486493490625735,0.07168943693802389
"('USA-road-d.', 264346)",Filter Sollin,28,0.715966273992142,0.08634220436167253
"('USA-road-d.', 264346)",Filter Sollin,30,0.6816988462587141,0.08634320917079946
"('USA-road-d.', 264346)",Filter Sollin,32,0.6606538679069205,0.09765378383357859
"('USA-road-d.', 264346)",Kruskal,1,1.0000000007511018,0.09658082018946329
"('USA-road-d.', 264346)",Kruskal,2,0.910801135164621,0.07196478376287793
"('USA-road-d.', 264346)",Kruskal,4,0.9295541722308058,0.06194263197538578
"('USA-road-d.', 264346)",Kruskal,6,0.9732546610809756,0.053363940236726616
"('USA-road-d.', 264346)",Kruskal,8,0.9774445346595135,0.031764617616029195
"('USA-road-d.', 264346)",Kruskal,10,0.9882130723530834,0.00834598001097428
"('USA-road-d.', 264346)",Kruskal,12,0.9922176310827919,0.03894255418646776
"('USA-road-d.', 264346)",Kruskal,14,0.9900751773651384,0.0401442096622058
"('USA-road-d.', 264346)",Kruskal,16,1.0064076494913894,0.0676156669110212
"('USA-road-d.', 264346)",Kruskal,18,0.9940099487545295,0.1426753672998832
"('USA-road-d.', 264346)",Kruskal,20,0.9954583223639479,0.08939654504243337
"('USA-road-d.', 264346)",Kruskal,22,1.000095467447757,0.11330831863763415
"('USA-road-d.', 264346)",Kruskal,24,1.0008103890019282,0.11000428252537166
"('USA-road-d.', 264346)",Kruskal,26,1.002196103212019,0.08950111478458647
"('USA-road-d.', 264346)",Kruskal,28,0.9921644429853186,0.10087706745721334
"('USA-road-d.', 264346)",Kruskal,30,1.0043278798206445,0.07818812149788142
"('USA-road-d.', 264346)",Kruskal,32,1.0109969787507123,0.07527041489163594
"('USA-road-d.', 264346)",Sollin AL,1,1.0,0.08989341521206312
"('USA-road-d.', 264346)",Sollin AL,2,1.1151712193529175,0.004959839009031399
"('USA-road-d.', 264346)",Sollin AL,4,1.0930649266348165,0.006569185676337782
"('USA-road-d.', 264346)",Sollin AL,6,1.1543232828765744,0.042983922258885504
"('USA-road-d.', 264346)",Sollin AL,8,1.2230594366455911,0.014824365663905664
"('USA-road-d.', 264346)",Sollin AL,10,1.2082197118890239,0.10372489161057866
"('USA-road-d.', 264346)",Sollin AL,12,1.2024166438441033,0.07644847930812752
"('USA-road-d.', 264346)",Sollin AL,14,1.27732589166208,0.1498591330148809
"('USA-road-d.', 264346)",Sollin AL,16,1.182343708452759,0.02591896147811729
"('USA-road-d.', 264346)",Sollin AL,18,1.1663667289279331,0.0640693443605207
"('USA-road-d.', 264346)",Sollin AL,20,1.1236015183039,0.056988403178730725
"('USA-road-d.', 264346)",Sollin AL,22,1.121803561882833,0.10692365826705118
"('USA-road-d.', 264346)",Sollin AL,24,0.9529236215837398,0.09830364327616596
"('USA-road-d.', 264346)",Sollin AL,26,1.1958081250268213,0.03108723571120019
"('USA-road-d.', 264346)",Sollin AL,28,1.0834495711149108,0.005430868997974209
"('USA-road-d.', 264346)",Sollin AL,30,1.0089921769545762,0.04075180155425619
"('USA-road-d.', 264346)",Sollin AL,32,1.102487141276929,0.1875978727261336
"('USA-road-d.', 264346)",Sollin FAL,1,1.0000000237598718,0.062024341414666305
"('USA-road-d.', 264346)",Sollin FAL,6,1.1577413410412096,0.2388049232044621
"('USA-road-d.', 264346)",Sollin FAL,8,1.0411736499417676,0.1990873199248049
"('USA-road-d.', 264346)",Sollin FAL,10,1.0923575685058573,0.15088779225505028
"('USA-road-d.', 264346)",Sollin FAL,12,1.1240463816372883,0.13288428307627528
"('USA-road-d.', 264346)",Sollin FAL,14,0.9816255285195709,0.06554653103786677
"('USA-road-d.', 264346)",Sollin FAL,16,1.0188039442288308,0.06671954529163268
"('USA-road-d.', 264346)",Sollin FAL,18,0.9971926217092424,0.07702145816085798
"('USA-road-d.', 264346)",Sollin FAL,20,0.9451783837039079,0.0905938826258291
"('USA-road-d.', 264346)",Sollin FAL,22,0.9333788320007312,0.05113171361534979
"('USA-road-d.', 264346)",Sollin FAL,24,0.9331659744546801,0.08599505057585002
"('USA-road-d.', 264346)",Sollin FAL,26,0.8873485275886561,0.11935407269352916
"('USA-road-d.', 264346)",Sollin FAL,28,0.9032571824491114,0.08378160930920739
"('USA-road-d.', 264346)",Sollin FAL,30,0.9223001731033509,0.11593014443919473
"('USA-road-d.', 264346)",Sollin FAL,32,0.8721386507552977,0.1338970835193824
"('USA-road-d.', 321270)",Filter Kruskal,1,1.0000000076951894,0.04819687312438707
"('USA-road-d.', 321270)",Filter Kruskal,2,0.9192466091613329,0.054250486289416186
"('USA-road-d.', 321270)",Filter Kruskal,4,0.9601238061396768,0.1088004570077988
"('USA-road-d.', 321270)",Filter Kruskal,6,0.9709655139839085,0.14718996761717587
"('USA-road-d.', 321270)",Filter Kruskal,8,0.8694102098500911,0.12671869786359832
"('USA-road-d.', 321270)",Filter Kruskal,10,0.860590238094842,0.1489262729807899
"('USA-road-d.', 321270)",Filter Kruskal,12,0.8248835146892428,0.21112217482010864
"('USA-road-d.', 321270)",Filter Kruskal,14,0.8207860571620194,0.15390140894656051
"('USA-road-d.', 321270)",Filter Kruskal,16,0.6503842761022673,0.17910447560474685
"('USA-road-d.', 321270)",Filter Kruskal,18,0.5259078104150192,0.16494842382405336
"('USA-road-d.', 321270)",Filter Kruskal,20,0.49381364703816244,0.1284151258993674
"('USA-road-d.', 321270)",Filter Kruskal,22,0.4570132387131084,0.11512416816592862
"('USA-road-d.', 321270)",Filter Kruskal,24,0.43868135365461974,0.0878392818378162
"('USA-road-d.', 321270)",Filter Kruskal,26,0.41012324025766084,0.0503966912227888
"('USA-road-d.', 321270)",Filter Kruskal,28,0.385332310249923,0.08190954492604295
"('USA-road-d.', 321270)",Filter Kruskal,30,0.3540798486294365,0.05112791432393808
"('USA-road-d.', 321270)",Filter Kruskal,32,0.2682415083672974,0.04242104010432491
"('USA-road-d.', 321270)",Filter Sollin,1,1.00000002279977,0.05639188762782439
"('USA-road-d.', 321270)",Filter Sollin,2,1.3306565817774376,0.035823888409492737
"('USA-road-d.', 321270)",Filter Sollin,4,1.414026420111539,0.04656771178997635
"('USA-road-d.', 321270)",Filter Sollin,6,1.262438496058666,0.07152791165126068
"('USA-road-d.', 321270)",Filter Sollin,8,1.1314950036898446,0.05980715880941296
"('USA-road-d.', 321270)",Filter Sollin,10,1.1661293063450753,0.05250522186020377
"('USA-road-d.', 321270)",Filter Sollin,12,1.071296533442199,0.041498664595536874
"('USA-road-d.', 321270)",Filter Sollin,14,1.063008031615666,0.04412387671411918
"('USA-road-d.', 321270)",Filter Sollin,16,0.9970491903539969,0.048926050736417495
"('USA-road-d.', 321270)",Filter Sollin,18,0.9636296732077656,0.05316041860336789
"('USA-road-d.', 321270)",Filter Sollin,20,0.9030743547176792,0.061026564307032856
"('USA-road-d.', 321270)",Filter Sollin,22,0.8649604038625609,0.07028976017165382
"('USA-road-d.', 321270)",Filter Sollin,24,0.8443190289579711,0.0631645486303787
"('USA-road-d.', 321270)",Filter Sollin,26,0.8026420193794579,0.07432570838226255
"('USA-road-d.', 321270)",Filter Sollin,28,0.7754873317280706,0.07295928714044227
"('USA-road-d.', 321270)",Filter Sollin,30,0.7493036246000015,0.0742733419948061
"('USA-road-d.', 321270)",Filter Sollin,32,0.7191535866911332,0.07205295691388705
"('USA-road-d.', 321270)",Kruskal,1,1.000000304978792,0.07202276791093168
"('USA-road-d.', 321270)",Kruskal,2,0.836811336621309,0.04110381478425561
"('USA-road-d.', 321270)",Kruskal,4,0.8666039243012431,0.029393465149063883
"('USA-road-d.', 321270)",Kruskal,6,0.8734590585213706,0.05827240448195152
"('USA-road-d.', 321270)",Kruskal,8,0.8824857820351381,0.02841098644067005
"('USA-road-d.', 321270)",Kruskal,10,0.8874961020013722,0.0332650611668432
"('USA-road-d.', 321270)",Kruskal,12,0.8892421454448238,0.05321010182742701
"('USA-road-d.', 321270)",Kruskal,14,0.8874389361312983,0.020998049482621257
"('USA-road-d.', 321270)",Kruskal,16,0.8900613440765175,0.11074097096210085
"('USA-road-d.', 321270)",Kruskal,18,0.876282126989685,0.1410787908163967
"('USA-road-d.', 321270)",Kruskal,20,0.8773206947125083,0.10479244103457552
"('USA-road-d.', 321270)",Kruskal,22,0.8869860362645365,0.10145112705072604
"('USA-road-d.', 321270)",Kruskal,24,0.8911480854364549,0.07186149365982096
"('USA-road-d.', 321270)",Kruskal,26,0.8864793670541636,0.07761604468825965
"('USA-road-d.', 321270)",Kruskal,28,0.8886687966744335,0.07455653868996523
"('USA-road-d.', 321270)",Kruskal,30,0.8848203391657716,0.09125869047827578
"('USA-road-d.', 321270)",Kruskal,32,0.888453909834072,0.09139437024383053
"('USA-road-d.', 321270)",Sollin AL,1,1.0,0.0027759682750480375
"('USA-road-d.', 321270)",Sollin AL,2,1.0265891828872187,0.028079515272097805
"('USA-road-d.', 321270)",Sollin AL,4,1.1051128904415664,0.11058995597543464
"('USA-road-d.', 321270)",Sollin AL,6,1.177601313637243,0.07005541714881211
"('USA-road-d.', 321270)",Sollin AL,8,1.1285434223817685,0.06410480996900121
"('USA-road-d.', 321270)",Sollin AL,10,1.2706706399238228,0.09230613937168572
"('USA-road-d.', 321270)",Sollin AL,12,1.0998160786091185,0.018120322473527472
"('USA-road-d.', 321270)",Sollin AL,14,1.244039452597086,0.10624973890852228
"('USA-road-d.', 321270)",Sollin AL,16,1.273102120631491,0.08917992349183623
"('USA-road-d.', 321270)",Sollin AL,18,1.1801025552640811,0.013067036722693387
"('USA-road-d.', 321270)",Sollin AL,20,0.942406578407382,0.05799187563413137
"('USA-road-d.', 321270)",Sollin AL,22,1.1334969489988453,0.08025930117946127
"('USA-road-d.', 321270)",Sollin AL,24,1.079764019933489,0.08834546225482717
"('USA-road-d.', 321270)",Sollin AL,26,1.1134173697540732,0.009503432787583742
"('USA-road-d.', 321270)",Sollin AL,28,1.066640952191896,0.07571368849415583
"('USA-road-d.', 321270)",Sollin AL,30,1.1076744755464532,0.04028712452247124
"('USA-road-d.', 321270)",Sollin AL,32,1.148518709947574,0.002067113385066468
"('USA-road-d.', 321270)",Sollin FAL,1,1.0,0.21594539730074294
"('USA-road-d.', 321270)",Sollin FAL,6,1.0080144660243369,0.02990631128965864
"('USA-road-d.', 321270)",Sollin FAL,8,1.161588225819995,0.15151830335697608
"('USA-road-d.', 321270)",Sollin FAL,10,1.1777902357125611,0.09641790698244604
"('USA-road-d.', 321270)",Sollin FAL,12,1.0343109408078028,0.13534524297874742
"('USA-road-d.', 321270)",Sollin FAL,14,0.9558393984803174,0.07964833376620112
"('USA-road-d.', 321270)",Sollin FAL,16,0.9715008780747778,0.1455672977863486
"('USA-road-d.', 321270)",Sollin FAL,18,1.00203509434397,0.05518820619652121
"('USA-road-d.', 321270)",Sollin FAL,20,0.913486144608907,0.09813808403318271
"('USA-road-d.', 321270)",Sollin FAL,22,0.9121256818637478,0.1830908790226923
"('USA-road-d.', 321270)",Sollin FAL,24,0.8788302315551175,0.07730659683102467
"('USA-road-d.', 321270)",Sollin FAL,26,0.8892170471233399,0.13877044253436752
"('USA-road-d.', 321270)",Sollin FAL,28,0.8560952509575842,0.07825890751160643
"('USA-road-d.', 321270)",Sollin FAL,30,0.8695845612949852,0.09642720280977711
"('USA-road-d.', 321270)",Sollin FAL,32,0.8522099036394046,0.08747166633636737
